id,brand,text,author,published_at,channel,reach,normalized_text,processed_text,named_entities,vader_label,vader_score,keybert_topics
yt_mock_1,Apple,Apple iPhone review 2024 Review 2024 - Is it ACTUALLY worth it? This product is absolutely amazing! Incredible build quality and performance.,TechWithMax,2024-03-01T12:00:00Z,youtube,150000,apple iphone review 2024 review 2024 is it actually worth it? this product is absolutely amazing! incredible build quality and performance.,apple iphone review 2024 review 2024 actually worth product absolutely amazing incredible build quality performance,['apple'],positive,0.7178,[]
yt_mock_2,Apple,Honest Apple iPhone review 2024 Review After 6 Months - I have some concerns about the durability. It broke after heavy use.,HonestTechReviews,2024-03-02T08:30:00Z,youtube,20000,honest apple iphone review 2024 review after 6 months i have some concerns about the durability. it broke after heavy use.,honest apple iphone review 2024 review 6 month concern durability break heavy use,[],positive,0.5106,[]
yt_mock_3,Apple,Top 5 Things I LOVE About Apple iPhone review 2024 in 2024 - Best purchase I've made this year. Highly recommend to everyone!,GadgetGuru,2024-03-03T15:00:00Z,youtube,500000,top 5 things i love about apple iphone review 2024 in 2024 best purchase i've made this year. highly recommend to everyone!,5 thing love apple iphone review 2024 2024 good purchase year highly recommend,[],positive,0.8718,[]
yt_mock_4,Apple,"Don't Buy Apple iPhone review 2024 Before Watching This! It's an average product, nothing special but it gets the job done.",BudgetTechFan,2024-03-04T11:00:00Z,youtube,5000,"don't buy apple iphone review 2024 before watching this! it's an average product, nothing special but it gets the job done.",buy apple iphone review 2024 watch average product special get job,[],positive,0.4019,[]
yt_mock_5,Apple,"Apple iPhone review 2024 vs The Competition - Full Comparison 2024. Terrible experience with customer service. Total waste of money, do not buy.",CompareEverything,2024-03-05T19:00:00Z,youtube,12000,"apple iphone review 2024 vs the competition full comparison 2024. terrible experience with customer service. total waste of money, do not buy.",apple iphone review 2024 vs competition comparison 2024 terrible experience customer service total waste money buy,['apple'],negative,-0.7346,[]
1pw9thg,Apple,"Leaker Who Apple Is Suing Says 'Screw It,' Here's the Foldable iPhone Early ",dapperlemon,1766770228.0,reddit,20139,"leaker who apple is suing says 'screw it,' here's the foldable iphone early",leaker apple sue say screw foldable iphone early,[],negative,-0.1027,[]
1ouvaqe,Apple,"J.P. Morgan calls out AI spend, says $650 billion in annual revenue required to deliver mere 10% return on AI buildout — equivalent to $35 payment from every iPhone user, or $180 from every Netflix subscriber 'in perpetuity' ",ControlCAD,1762920492.0,reddit,27940,"j.p. morgan calls out ai spend, says 650 billion in annual revenue required to deliver mere 10 return on ai buildout equivalent to 35 payment from every iphone user, or 180 from every netflix subscriber 'in perpetuity'",j.p morgan call ai spend say 650 billion annual revenue require deliver mere 10 return ai buildout equivalent 35 payment iphone user 180 netflix subscriber perpetuity,"['j.p.', 'morgan', 'netflix']",neutral,0.0,[]
1qkwi69,Apple,"'Hey, I'm dying': Decorated Marine texts family goodbye after teens gun him down during Facebook Marketplace 'ruse' to steal his iPhone and sell it at Walmart ecoATM, cops say ",Forward-Answer-4407,1769188074.0,reddit,9268,"'hey, i'm dying' decorated marine texts family goodbye after teens gun him down during facebook marketplace 'ruse' to steal his iphone and sell it at walmart ecoatm, cops say",hey die decorate marine text family goodbye teen gun facebook marketplace ruse steal iphone sell walmart ecoatm cop,[],negative,-0.8591,[]
1mjs96c,Apple,"Apple made a 24k gold and glass statue for Donald Trump.  At a White House press conference to discuss Apple’s new US manufacturing plans, CEO Tim Cook presented a gift to President Donald Trump: a “unique” piece of glass from iPhone glass manufacturer Corning that’s set in a 24-karat gold base. ",esporx,1754546663.0,reddit,27540,"apple made a 24k gold and glass statue for donald trump. at a white house press conference to discuss apples new us manufacturing plans, ceo tim cook presented a gift to president donald trump a unique piece of glass from iphone glass manufacturer corning thats set in a 24karat gold base.",apple 24k gold glass statue donald trump white house press conference discuss apple new manufacturing plan ceo tim cook present gift president donald trump unique piece glass iphone glass manufacturer corn s set 24karat gold base,"['apple', 'donald trump', 'a white house', 'tim cook', 'donald trump']",positive,0.4404,[]
1qx4oo5,Apple,FBI Couldn’t Get into WaPo Reporter’s iPhone Because It Had Lockdown Mode Enabled ,mepper,1770343094.0,reddit,11633,fbi couldnt get into wapo reporters iphone because it had lockdown mode enabled,fbi not wapo reporter iphone lockdown mode enable,['fbi'],neutral,0.0,[]
1oujdjv,Apple,Apple unveils $229 iPhone Pocket described as 'a piece of cloth' ,Power-Equality,1762890336.0,reddit,6720,apple unveils 229 iphone pocket described as 'a piece of cloth',apple unveil 229 iphone pocket describe piece cloth,['apple'],neutral,0.0,[]
1lcyo3x,Apple,I Tried Pre-Ordering the Trump Phone. The Page Failed and It Charged My Credit Card the Wrong Amount ,mepper,1750094162.0,reddit,26460,i tried preordering the trump phone. the page failed and it charged my credit card the wrong amount,try preordere trump phone page fail charge credit card wrong,[],negative,-0.6124,[]
1jv0xw1,Apple,"Trump believes iPhones can be made in the US, says White House ",SquidFistHK,1744187780.0,reddit,26743,"trump believes iphones can be made in the us, says white house",trump believe iphone say white house,"['us', 'white house']",neutral,0.0,[]
1otrogc,Apple,iPhone Air sales are so bad that Apple's delaying the next-generation version scheduled to come out alongside the iPhone 18 Pro ,ControlCAD,1762812654.0,reddit,5132,iphone air sales are so bad that apple's delaying the nextgeneration version scheduled to come out alongside the iphone 18 pro,iphone air sale bad apple delay nextgeneration version schedule come alongside iphone 18 pro,[],negative,-0.7003,[]
1hfl24t,Apple,Most iPhone owners see little to no value in Apple Intelligence so far ,polimeema,1734361425.0,reddit,32282,most iphone owners see little to no value in apple intelligence so far,iphone owner little value apple intelligence far,[],positive,0.6051,[]
1riy03x,Apple,Apple introduces iPhone 17e ,gdelacalle,1772470049.0,reddit,2870,apple introduces iphone 17e,apple introduce iphone 17e,['apple'],neutral,0.0,[]
1r8m4he,Apple,"You can jailbreak an F-35 just like an iPhone, says Dutch defense chief ",Logical_Welder3467,1771465467.0,reddit,3998,"you can jailbreak an f35 just like an iphone, says dutch defense chief",jailbreak f35 like iphone say dutch defense chief,[],positive,0.4588,[]
1jukkpp,Apple,Apple is racing to fly planes of iPhones into the US ahead of Trump’s tariffs ,lurker_bee,1744136385.0,reddit,17710,apple is racing to fly planes of iphones into the us ahead of trumps tariffs,apple race fly plane iphone ahead trump tariff,"['apple', 'us', 'trumps tariffs']",neutral,0.0,[]
1fk2fbz,Apple,Apple iPhone 16 demand is so weak that employees can already buy it on discount ,lurker_bee,1726690437.0,reddit,21861,apple iphone 16 demand is so weak that employees can already buy it on discount,apple iphone 16 demand weak employee buy discount,['apple'],negative,-0.5267,[]
1kn4hir,Apple,Trump Tells Tim Cook to Stop Building iPhones in India ,chrisdh79,1747303504.0,reddit,8312,trump tells tim cook to stop building iphones in india,trump tell tim cook stop build iphone india,"['tim cook', 'india']",negative,-0.296,[]
1h65xqm,Apple,FBI Warns iPhone And Android Users—Stop Sending Texts ,lurker_bee,1733280914.0,reddit,12522,fbi warns iphone and android usersstop sending texts,fbi warn iphone android usersstop send text,"['fbi', 'android']",negative,-0.1027,[]
1jrcrkn,Apple,"Trump Tariffs Could Triple iPhone Price to $3,500, Threatening AI Progress ",Appropriate_Rain_770,1743775702.0,reddit,6599,"trump tariffs could triple iphone price to 3,500, threatening ai progress","trump tariff triple iphone price 3,500 threaten ai progress",[],positive,0.0516,[]
1odjv08,Apple,"Apple is 'drastically' cutting iPhone Air production, report says, after new survey reveals 'virtually no demand' | Fortune ",Arthur_Morgan44469,1761165592.0,reddit,2419,"apple is 'drastically' cutting iphone air production, report says, after new survey reveals 'virtually no demand' fortune",apple drastically cut iphone air production report say new survey reveal virtually demand fortune,['apple'],negative,-0.3818,[]
1hjkana,Apple,"AirPods sales totaled over $18 billion last year, more than all of Nintendo | Earbuds likely to become Apple's 3rd biggest product behind iPhone and Mac ",chrisdh79,1734818494.0,reddit,6786,"airpods sales totaled over 18 billion last year, more than all of nintendo earbuds likely to become apple's 3rd biggest product behind iphone and mac",airpods sale total 18 billion year nintendo earbuds likely apple 3rd big product iphone mac,[],neutral,0.0,[]
1j6i9jb,Apple,New survey suggests the vast majority of iPhone and Samsung Galaxy users find AI useless – and I’m not surprised ,lurker_bee,1741444008.0,reddit,8334,new survey suggests the vast majority of iphone and samsung galaxy users find ai useless and im not surprised,new survey suggest vast majority iphone samsung galaxy user find ai useless m surprised,[],negative,-0.2263,[]
1itztow,Apple,Trump's tariffs could drive up iPhone prices by about 10% ,chrisdh79,1740061978.0,reddit,7786,trump's tariffs could drive up iphone prices by about 10,trump tariff drive iphone price 10,['trump'],neutral,0.0,[]
16gyhz0,Apple,Apple forced to ditch iPhone lightning charger ,zmlos,1694542167.0,reddit,23363,apple forced to ditch iphone lightning charger,apple force ditch iphone lightning charger,['apple'],neutral,0.0,[]
1q199a0,Apple,"No iPhone 18 Launch This Year, Reports Suggest ",jd5547561,1767287646.0,reddit,2196,"no iphone 18 launch this year, reports suggest",iphone 18 launch year report suggest,[],neutral,0.0,[]
1ldcmfg,Apple,Trump Mobile's made-in-US iPhone 17 competitor is really made in China ,IRideMoreThanYou,1750129739.0,reddit,6888,trump mobile's madeinus iphone 17 competitor is really made in china,trump mobile madeinus iphone 17 competitor china,"[""trump mobile's"", 'china']",neutral,0.0,[]
1o9k6ir,Apple,Apple Said to Cut iPhone Air Production Amid Underwhelming Sales ,ControlCAD,1760754417.0,reddit,1942,apple said to cut iphone air production amid underwhelming sales,apple say cut iphone air production amid underwhelme sale,['apple'],negative,-0.2732,[]
ig1,Apple,Obsessed with my new iPhone purchase! The quality is next level 😍 #unboxing #iPhone,lifestyle_by_mia,2024-03-01T10:00:00Z,instagram,3420,obsessed with my new iphone purchase! the quality is next level unboxing iphone,obsess new iphone purchase quality level unbox iphone,[],negative,-0.25,[]
ig2,Apple,"Honestly, iPhone disappointed me this time. The build quality feels cheap for the price. #techreview",gadget_reviewer_99,2024-03-02T14:30:00Z,instagram,890,"honestly, iphone disappointed me this time. the build quality feels cheap for the price. techreview",honestly iphone disappoint time build quality feel cheap price techreview,[],positive,0.0772,[]
ig3,Apple,My iPhone aesthetic setup is finally complete ✨ Drop a 🔥 if you love it! #setup #deskgoals,minimal_desk_vibes,2024-03-03T09:15:00Z,instagram,12500,my iphone aesthetic setup is finally complete drop a if you love it! setup deskgoals,iphone aesthetic setup finally complete drop love setup deskgoal,[],positive,0.4767,[]
ig4,Apple,"Not sponsored, just genuinely love iPhone. Been using it daily for 3 months and zero complaints! #honest",tech_honest_reviews,2024-03-04T17:00:00Z,instagram,2100,"not sponsored, just genuinely love iphone. been using it daily for 3 months and zero complaints! honest",sponsor genuinely love iphone daily 3 month zero complaint honest,[],positive,0.743,[]
ig5,Apple,The new iPhone update is a vibe. Super smooth experience! Who else noticed the performance boost? 🚀,daily_tech_drop,2024-03-05T11:45:00Z,instagram,567,the new iphone update is a vibe. super smooth experience! who else noticed the performance boost?,new iphone update vibe super smooth experience notice performance boost,[],positive,0.765,[]
fb1,Apple,The new iPhone launch has everyone talking! Drop your thoughts below 👇 Have you tried it yet?,Apple Official,2024-03-01T08:00:00Z,facebook,5800,the new iphone launch has everyone talking! drop your thoughts below have you tried it yet?,new iphone launch talk drop thought try,[],negative,-0.2732,[]
fb2,Apple,"Sharing my honest 30-day review of iPhone. The good: great battery life, solid build. The bad: the software still needs work. Overall 7/10.",TechTalk Community,2024-03-02T12:00:00Z,facebook,1450,"sharing my honest 30day review of iphone. the good great battery life, solid build. the bad the software still needs work. overall 710.",share honest 30day review iphone good great battery life solid build bad software need work overall 710,[],positive,0.8625,[]
fb3,Apple,Just switched from a competitor to iPhone and I am BLOWN AWAY by the difference. Never going back. Highly recommend!,Sarah M.,2024-03-03T16:00:00Z,facebook,320,just switched from a competitor to iphone and i am blown away by the difference. never going back. highly recommend!,switch competitor iphone blow away difference go highly recommend,[],positive,0.4201,[]
fb4,Apple,Customer support for iPhone is terrible. Been waiting 2 weeks for a response. Very disappointed. Will not be buying again.,James K.,2024-03-04T09:30:00Z,facebook,78,customer support for iphone is terrible. been waiting 2 weeks for a response. very disappointed. will not be buying again.,customer support iphone terrible wait 2 week response disappointed buy,[],negative,-0.5423,[]
fb5,Apple,Anyone else excited about the upcoming iPhone announcement? The leaks look promising! 🔥 Tag a friend who needs to know about this.,Tech Enthusiasts Group,2024-03-05T20:00:00Z,facebook,2300,anyone else excited about the upcoming iphone announcement? the leaks look promising! tag a friend who needs to know about this.,excited upcoming iphone announcement leak look promising tag friend need know,[],positive,0.7096,[]
yt_mock_1,Samsung,Samsung Galaxy review 2024 Review 2024 - Is it ACTUALLY worth it? This product is absolutely amazing! Incredible build quality and performance.,TechWithMax,2024-03-01T12:00:00Z,youtube,150000,samsung galaxy review 2024 review 2024 is it actually worth it? this product is absolutely amazing! incredible build quality and performance.,samsung galaxy review 2024 review 2024 actually worth product absolutely amazing incredible build quality performance,['samsung'],positive,0.7178,[]
yt_mock_2,Samsung,Honest Samsung Galaxy review 2024 Review After 6 Months - I have some concerns about the durability. It broke after heavy use.,HonestTechReviews,2024-03-02T08:30:00Z,youtube,20000,honest samsung galaxy review 2024 review after 6 months i have some concerns about the durability. it broke after heavy use.,honest samsung galaxy review 2024 review 6 month concern durability break heavy use,[],positive,0.5106,[]
yt_mock_3,Samsung,Top 5 Things I LOVE About Samsung Galaxy review 2024 in 2024 - Best purchase I've made this year. Highly recommend to everyone!,GadgetGuru,2024-03-03T15:00:00Z,youtube,500000,top 5 things i love about samsung galaxy review 2024 in 2024 best purchase i've made this year. highly recommend to everyone!,5 thing love samsung galaxy review 2024 2024 good purchase year highly recommend,['samsung'],positive,0.8718,[]
yt_mock_4,Samsung,"Don't Buy Samsung Galaxy review 2024 Before Watching This! It's an average product, nothing special but it gets the job done.",BudgetTechFan,2024-03-04T11:00:00Z,youtube,5000,"don't buy samsung galaxy review 2024 before watching this! it's an average product, nothing special but it gets the job done.",buy samsung galaxy review 2024 watch average product special get job,[],positive,0.4019,[]
yt_mock_5,Samsung,"Samsung Galaxy review 2024 vs The Competition - Full Comparison 2024. Terrible experience with customer service. Total waste of money, do not buy.",CompareEverything,2024-03-05T19:00:00Z,youtube,12000,"samsung galaxy review 2024 vs the competition full comparison 2024. terrible experience with customer service. total waste of money, do not buy.",samsung galaxy review 2024 vs competition comparison 2024 terrible experience customer service total waste money buy,['samsung'],negative,-0.7346,[]
1nua1po,Samsung,"Samsung Galaxy Ring swells and crushes user's finger, causing missed flight and hospital visit ",chrisdh79,1759229835.0,reddit,11796,"samsung galaxy ring swells and crushes user's finger, causing missed flight and hospital visit",samsung galaxy ring swell crush user finger cause miss flight hospital visit,['samsung'],negative,-0.296,[]
1ozl43r,Samsung,Unremovable Spyware on Samsung Devices Comes Pre-installed on Galaxy Series Devices ,Arthur_Morgan44469,1763397589.0,reddit,5972,unremovable spyware on samsung devices comes preinstalled on galaxy series devices,unremovable spyware samsung device comes preinstalle galaxy series device,[],neutral,0.0,[]
1kc9zvt,Samsung,Nobody’s Asking for Unnecessarily Skinny iPhones or Samsung Galaxy Phones ,chrisdh79,1746109439.0,reddit,2454,nobodys asking for unnecessarily skinny iphones or samsung galaxy phones,nobodys ask unnecessarily skinny iphone samsung galaxy phone,[],neutral,0.0,[]
wnb49z,Samsung,"In a single month, the James Webb Space Telescope has seen the oldest galaxies, messy cosmic collisions, and a hot gas planet's atmosphere ",BohemianBella,1660385750.0,reddit,15618,"in a single month, the james webb space telescope has seen the oldest galaxies, messy cosmic collisions, and a hot gas planet's atmosphere",single month james webb space telescope see old galaxy messy cosmic collision hot gas planet atmosphere,[],negative,-0.6124,[]
560mp3,Samsung,Replacement Samsung Galaxy Note 7 phone catches fire on Southwest plane ,MoltenSlowa,1475688201.0,reddit,13173,replacement samsung galaxy note 7 phone catches fire on southwest plane,replacement samsung galaxy note 7 phone catch fire southwest plane,[],negative,-0.34,[]
52e4hm,Samsung,Six-year old boy gets burned when a Samsung Galaxy Note 7 explodes in his hand ,rkkim,1473683974.0,reddit,10399,sixyear old boy gets burned when a samsung galaxy note 7 explodes in his hand,sixyear old boy get burn samsung galaxy note 7 explode hand,[],positive,0.4939,[]
56x9o6,Samsung,Samsung permanently discontinues Galaxy Note 7 smartphone ,alanwong,1476179484.0,reddit,9978,samsung permanently discontinues galaxy note 7 smartphone,samsung permanently discontinue galaxy note 7 smartphone,['samsung'],neutral,0.0,[]
4s62co,Samsung,"Samsung Galaxy S7 Active Isn’t Actually Waterproof, Says Consumer Reports ",dudzman,1468167020.0,reddit,10670,"samsung galaxy s7 active isnt actually waterproof, says consumer reports",samsung galaxy s7 active not actually waterproof say consumer report,['samsung'],positive,0.4019,[]
1mho20o,Samsung,"A YouTuber is live-folding the Samsung Galaxy Z Fold 200,000 times. Will it hold up? ",ErinDotEngineer,1754337689.0,reddit,1446,"a youtuber is livefolding the samsung galaxy z fold 200,000 times. will it hold up?","youtuber livefolde samsung galaxy z fold 200,000 time hold",['samsung'],neutral,0.0,[]
3h0ouo,Samsung,"The biggest cell phone ripoff: $100 for 32 GB of storage -- ""The flash storage drives installed in the iPhone 6 cost Apple just $7.55 per 16 GB, according to TechInsights, a patent consultant that performs gadget tear-downs. The 32 GB of storage included the Galaxy S6 costs Samsung $14.50"" ",mepper,1439583605.0,reddit,8430,"the biggest cell phone ripoff 100 for 32 gb of storage ""the flash storage drives installed in the iphone 6 cost apple just 7.55 per 16 gb, according to techinsights, a patent consultant that performs gadget teardowns. the 32 gb of storage included the galaxy s6 costs samsung 14.50""",big cell phone ripoff 100 32 gb storage flash storage drive instal iphone 6 cost apple 7.55 16 gb accord techinsight patent consultant perform gadget teardown 32 gb storage include galaxy s6 cost samsung 14.50,[],neutral,0.0,[]
1lavfty,Samsung,"More than 800,000 galaxies in the darkness ― James Webb announces historic discovery out of Milky Way ",upyoars,1749860571.0,reddit,2327,"more than 800,000 galaxies in the darkness james webb announces historic discovery out of milky way","800,000 galaxy darkness james webb announce historic discovery milky way",['james webb'],negative,-0.25,[]
32uaan,Samsung,Apple is worried Samsung won't make enough chips for the iPhone because the Galaxy S6 is suddenly doing better than expected ,canausernamebetoolon,1429213136.0,reddit,10456,apple is worried samsung won't make enough chips for the iphone because the galaxy s6 is suddenly doing better than expected,apple worried samsung will chip iphone galaxy s6 suddenly well expect,['apple'],neutral,-0.0258,[]
10vfe06,Samsung,Bloatware pushes the Galaxy S23 Android OS to an incredible 60GB ,bdzz,1675711232.0,reddit,2539,bloatware pushes the galaxy s23 android os to an incredible 60gb,bloatware push galaxy s23 android os incredible 60 gb,[],neutral,0.0,[]
56gvr7,Samsung,Replaced Galaxy Note 7 explodes in Taiwan ,asoksevil,1475932206.0,reddit,6705,replaced galaxy note 7 explodes in taiwan,replace galaxy note 7 explode taiwan,['taiwan'],neutral,0.0,[]
54irva,Samsung,"China's newest and largest radio telescope is operational as of today. It will be used to search for gravitational waves, detect radio emissions from stars and galaxies and listen for signs of intelligent extraterrestrial life. ",asusoverclocked,1474860679.0,reddit,13029,"china's newest and largest radio telescope is operational as of today. it will be used to search for gravitational waves, detect radio emissions from stars and galaxies and listen for signs of intelligent extraterrestrial life.",china new large radio telescope operational today search gravitational wave detect radio emission star galaxy listen sign intelligent extraterrestrial life,['china'],positive,0.4588,[]
522e9y,Samsung,Florida man's vehicle catches fire after charging Galaxy Note 7 explodes | Fox News ,Jadehamnett,1473499711.0,reddit,5850,florida man's vehicle catches fire after charging galaxy note 7 explodes fox news,florida man vehicle catch fire charge galaxy note 7 explode fox news,['florida'],negative,-0.34,[]
1sl63d,Samsung,Nokia offering Lumia to Samsung owner who's Galaxy S4 caught fire. ,Zyoneatslyons,1386717456.0,reddit,2789,nokia offering lumia to samsung owner who's galaxy s4 caught fire.,nokia offer lumia samsung owner galaxy s4 catch fire,['nokia'],negative,-0.34,[]
woehll,Samsung,"Xiaomi clones the Galaxy Fold, makes it 40% thinner, adds a bigger battery ",maybenot12,1660505224.0,reddit,2149,"xiaomi clones the galaxy fold, makes it 40 thinner, adds a bigger battery",xiaomi clone galaxy fold make 40 thin add big battery,[],neutral,0.0,[]
s1c0fy,Samsung,Astronomers discover a strange galaxy without dark matter ,atiteloviadeci,1641904877.0,reddit,2179,astronomers discover a strange galaxy without dark matter,astronomer discover strange galaxy dark matter,[],negative,-0.1779,[]
2012gc,Samsung,The BBC has released a 30th anniversary edition of the Hitchhiker's Guide to the Galaxy text adventure ,kjbakash,1394432479.0,reddit,3198,the bbc has released a 30th anniversary edition of the hitchhiker's guide to the galaxy text adventure,bbc release 30th anniversary edition hitchhiker guide galaxy text adventure,['bbc'],positive,0.3182,[]
105a8z,Samsung,Samsung mocks iPhone 5 line sitters (again) in new Galaxy S III ad. ,spsheridan,1348077239.0,reddit,1842,samsung mocks iphone 5 line sitters again in new galaxy s iii ad.,samsung mocks iphone 5 line sitter new galaxy s iii ad,"['samsung', 's iii']",negative,-0.4588,[]
w9mee,Samsung,"Samsung Galaxy Tab doesn't copy Apple designs, UK court rules ",appydays,1341835276.0,reddit,2167,"samsung galaxy tab doesn't copy apple designs, uk court rules",samsung galaxy tab copy apple design uk court rule,"['samsung', 'uk court']",neutral,0.0,[]
52dyjr,Samsung,Samsung may remotely kill all unreturned Galaxy Note 7's ,golden430,1473681497.0,reddit,2102,samsung may remotely kill all unreturned galaxy note 7's,samsung remotely kill unreturned galaxy note 7,['samsung'],negative,-0.6908,[]
10vyoy,Samsung,"
Samsung Galaxy S III sales haven’t been hurt one bit since loss to Apple in patent trial.. In fact, they have increased. ",ItchyPickle,1349288501.0,reddit,1895,"samsung galaxy s iii sales havent been hurt one bit since loss to apple in patent trial.. in fact, they have increased.",samsung galaxy s iii sale not hurt bit loss apple patent trial fact increase,['samsung'],positive,0.7217,[]
ig1,Samsung,Obsessed with my new Samsung purchase! The quality is next level 😍 #unboxing #Samsung,lifestyle_by_mia,2024-03-01T10:00:00Z,instagram,3420,obsessed with my new samsung purchase! the quality is next level unboxing samsung,obsess new samsung purchase quality level unbox samsung,[],negative,-0.25,[]
ig2,Samsung,"Honestly, Samsung disappointed me this time. The build quality feels cheap for the price. #techreview",gadget_reviewer_99,2024-03-02T14:30:00Z,instagram,890,"honestly, samsung disappointed me this time. the build quality feels cheap for the price. techreview",honestly samsung disappoint time build quality feel cheap price techreview,[],positive,0.0772,[]
ig3,Samsung,My Samsung aesthetic setup is finally complete ✨ Drop a 🔥 if you love it! #setup #deskgoals,minimal_desk_vibes,2024-03-03T09:15:00Z,instagram,12500,my samsung aesthetic setup is finally complete drop a if you love it! setup deskgoals,samsung aesthetic setup finally complete drop love setup deskgoal,['samsung'],positive,0.4767,[]
ig4,Samsung,"Not sponsored, just genuinely love Samsung. Been using it daily for 3 months and zero complaints! #honest",tech_honest_reviews,2024-03-04T17:00:00Z,instagram,2100,"not sponsored, just genuinely love samsung. been using it daily for 3 months and zero complaints! honest",sponsor genuinely love samsung daily 3 month zero complaint honest,[],positive,0.743,[]
ig5,Samsung,The new Samsung update is a vibe. Super smooth experience! Who else noticed the performance boost? 🚀,daily_tech_drop,2024-03-05T11:45:00Z,instagram,567,the new samsung update is a vibe. super smooth experience! who else noticed the performance boost?,new samsung update vibe super smooth experience notice performance boost,[],positive,0.765,[]
fb1,Samsung,The new Galaxy launch has everyone talking! Drop your thoughts below 👇 Have you tried it yet?,Samsung Official,2024-03-01T08:00:00Z,facebook,5800,the new galaxy launch has everyone talking! drop your thoughts below have you tried it yet?,new galaxy launch talk drop thought try,[],negative,-0.2732,[]
fb2,Samsung,"Sharing my honest 30-day review of Galaxy. The good: great battery life, solid build. The bad: the software still needs work. Overall 7/10.",TechTalk Community,2024-03-02T12:00:00Z,facebook,1450,"sharing my honest 30day review of galaxy. the good great battery life, solid build. the bad the software still needs work. overall 710.",share honest 30day review galaxy good great battery life solid build bad software need work overall 710,[],positive,0.8625,[]
fb3,Samsung,Just switched from a competitor to Galaxy and I am BLOWN AWAY by the difference. Never going back. Highly recommend!,Sarah M.,2024-03-03T16:00:00Z,facebook,320,just switched from a competitor to galaxy and i am blown away by the difference. never going back. highly recommend!,switch competitor galaxy blow away difference go highly recommend,[],positive,0.4201,[]
fb4,Samsung,Customer support for Galaxy is terrible. Been waiting 2 weeks for a response. Very disappointed. Will not be buying again.,James K.,2024-03-04T09:30:00Z,facebook,78,customer support for galaxy is terrible. been waiting 2 weeks for a response. very disappointed. will not be buying again.,customer support galaxy terrible wait 2 week response disappointed buy,[],negative,-0.5423,[]
fb5,Samsung,Anyone else excited about the upcoming Galaxy announcement? The leaks look promising! 🔥 Tag a friend who needs to know about this.,Tech Enthusiasts Group,2024-03-05T20:00:00Z,facebook,2300,anyone else excited about the upcoming galaxy announcement? the leaks look promising! tag a friend who needs to know about this.,excited upcoming galaxy announcement leak look promising tag friend need know,[],positive,0.7096,[]
yt_mock_1,Google,Google Pixel review 2024 Review 2024 - Is it ACTUALLY worth it? This product is absolutely amazing! Incredible build quality and performance.,TechWithMax,2024-03-01T12:00:00Z,youtube,150000,google pixel review 2024 review 2024 is it actually worth it? this product is absolutely amazing! incredible build quality and performance.,google pixel review 2024 review 2024 actually worth product absolutely amazing incredible build quality performance,['google'],positive,0.7178,[]
yt_mock_2,Google,Honest Google Pixel review 2024 Review After 6 Months - I have some concerns about the durability. It broke after heavy use.,HonestTechReviews,2024-03-02T08:30:00Z,youtube,20000,honest google pixel review 2024 review after 6 months i have some concerns about the durability. it broke after heavy use.,honest google pixel review 2024 review 6 month concern durability break heavy use,[],positive,0.5106,[]
yt_mock_3,Google,Top 5 Things I LOVE About Google Pixel review 2024 in 2024 - Best purchase I've made this year. Highly recommend to everyone!,GadgetGuru,2024-03-03T15:00:00Z,youtube,500000,top 5 things i love about google pixel review 2024 in 2024 best purchase i've made this year. highly recommend to everyone!,5 thing love google pixel review 2024 2024 good purchase year highly recommend,[],positive,0.8718,[]
yt_mock_4,Google,"Don't Buy Google Pixel review 2024 Before Watching This! It's an average product, nothing special but it gets the job done.",BudgetTechFan,2024-03-04T11:00:00Z,youtube,5000,"don't buy google pixel review 2024 before watching this! it's an average product, nothing special but it gets the job done.",buy google pixel review 2024 watch average product special get job,[],positive,0.4019,[]
yt_mock_5,Google,"Google Pixel review 2024 vs The Competition - Full Comparison 2024. Terrible experience with customer service. Total waste of money, do not buy.",CompareEverything,2024-03-05T19:00:00Z,youtube,12000,"google pixel review 2024 vs the competition full comparison 2024. terrible experience with customer service. total waste of money, do not buy.",google pixel review 2024 vs competition comparison 2024 terrible experience customer service total waste money buy,['google'],negative,-0.7346,[]
1pkncxz,Google,Man arrested for allegedly wiping his Google Pixel before a CBP search ,aacool,1765530255.0,reddit,3353,man arrested for allegedly wiping his google pixel before a cbp search,man arrest allegedly wipe google pixel cbp search,[],negative,-0.34,[]
1045tef,Google,Massive Google billboard ad tells Apple to fix 'pixelated' photos and videos in texts between iPhones and Androids ,777fer,1672942476.0,reddit,31521,massive google billboard ad tells apple to fix 'pixelated' photos and videos in texts between iphones and androids,massive google billboard ad tell apple fix pixelate photo video text iphone android,['google'],neutral,0.0,[]
1lydz5o,Google,Cops say criminals use a Google Pixel with GrapheneOS — I say that’s freedom ,AzuleEyes,1752362232.0,reddit,4434,cops say criminals use a google pixel with grapheneos i say thats freedom,cop criminal use google pixel grapheneo s freedom,[],positive,0.2023,[]
16kbcu9,Google,"Google says it can’t fix Pixel Watches, please just buy a new one | With no official repair program and no parts, broken Pixel Watches are just e-waste. ",chrisdh79,1694880844.0,reddit,12684,"google says it cant fix pixel watches, please just buy a new one with no official repair program and no parts, broken pixel watches are just ewaste.",google say not fix pixel watch buy new official repair program part break pixel watch ewaste,['google'],neutral,0.0,[]
185wly9,Google,Google says bumpy Pixel 8 screens are nothing to worry about — Display ‘bumps’ are components pushing into the OLED panel ,marketrent,1701179768.0,reddit,6572,google says bumpy pixel 8 screens are nothing to worry about display bumps are components pushing into the oled panel,google say bumpy pixel 8 screen worry display bump component push oled panel,['google'],negative,-0.4404,[]
7888b1,Google,Two-week-old Pixel 2 XL displays are already showing burn-in ,Abscess2,1508770395.0,reddit,22663,twoweekold pixel 2 xl displays are already showing burnin,twoweekold pixel 2 xl display show burnin,[],neutral,0.0,[]
i930vg,Google,"Russell Kirsch, inventor of the pixel, dies in his Portland home at age 91 ",giuliomagnifico,1597335917.0,reddit,44345,"russell kirsch, inventor of the pixel, dies in his portland home at age 91",russell kirsch inventor pixel die portland home age 91,['russell kirsch'],negative,-0.5994,[]
1eu0mbt,Google,Google threatened tech influencers unless they ‘preferred’ the Pixel ,marketrent,1723844049.0,reddit,2692,google threatened tech influencers unless they preferred the pixel,google threaten tech influencer prefer pixel,['google'],negative,-0.3818,[]
16s1s4q,Google,Pixel 8 leak promises 7 years of OS updates—even more than an iPhone ,chrisdh79,1695670991.0,reddit,2758,pixel 8 leak promises 7 years of os updateseven more than an iphone,pixel 8 leak promise 7 year os updateseven iphone,[],neutral,-0.0258,[]
4qwp0r,Google,"Google Maps removes clouds, clears up view in 700-trillion pixel upgrade ",Skenderbeio,1467454073.0,reddit,12437,"google maps removes clouds, clears up view in 700trillion pixel upgrade",google maps remove cloud clear view 700trillion pixel upgrade,[],positive,0.3818,[]
1hoe338,Google,"Apple Vision Pro gets extraordinary $30,000 dual-lens camera that can handle almost 118 million pixels | Blackmagic's new camera can capture Apple Immersive Video ",ControlCAD,1735416584.0,reddit,1467,"apple vision pro gets extraordinary 30,000 duallens camera that can handle almost 118 million pixels blackmagic's new camera can capture apple immersive video","apple vision pro get extraordinary 30,000 duallen camera handle 118 million pixel blackmagic new camera capture apple immersive video","['apple', ""pixels blackmagic's""]",positive,0.25,[]
z83h53,Google,Google has to pay $9.4 million because it paid people to say they liked the Pixel 4 ,RunOrDieTrying,1669750119.0,reddit,3301,google has to pay 9.4 million because it paid people to say they liked the pixel 4,google pay 9.4 million pay people like pixel 4,['google'],positive,0.1779,[]
16tj07p,Google,GPUs from all major suppliers are vulnerable to new pixel-stealing attack ,donnygel,1695817035.0,reddit,2093,gpus from all major suppliers are vulnerable to new pixelstealing attack,gpu major supplier vulnerable new pixelstealing attack,['gpus'],negative,-0.6461,[]
z82i3a,Google,Influencers were paid by Google to promote a Pixel phone they never used | The FTC says Google paid radio DJs to say they loved the Pixel 4. ,chrisdh79,1669747944.0,reddit,1641,influencers were paid by google to promote a pixel phone they never used the ftc says google paid radio djs to say they loved the pixel 4.,influencer pay google promote pixel phone ftc say google pay radio djs love pixel 4,['google'],positive,0.7184,[]
2fjswm,Google,If the moon were only 1 pixel... a map of the solar system with all the space left in. ,IAMSpirituality,1409925185.0,reddit,3333,if the moon were only 1 pixel... a map of the solar system with all the space left in.,moon 1 pixel map solar system space leave,[],negative,-0.0516,[]
1ersvmm,Google,"Gemini is replacing Google Assistant on Pixel phones, and it’s a trainwreck ",lurker_bee,1723610703.0,reddit,847,"gemini is replacing google assistant on pixel phones, and its a trainwreck",gemini replace google assistant pixel phone trainwreck,[],neutral,0.0,[]
hjqfw,Google,"Two researchers have successfully created an algorithm that depixelizes and upscales low-resolution 8-bit ""pixel art"" into lush vector graphics. ",scientologist2,1306327031.0,reddit,1878,"two researchers have successfully created an algorithm that depixelizes and upscales lowresolution 8bit ""pixel art"" into lush vector graphics.",researcher successfully create algorithm depixelize upscale lowresolution 8bit pixel art lush vector graphic,[],positive,0.6486,[]
18ywv9,Google,"Google announces Chromebook Pixel: a premium Chrome OS laptop ships next week for $1,299 ",jackie89,1361473521.0,reddit,1109,"google announces chromebook pixel a premium chrome os laptop ships next week for 1,299","google announce chromebook pixel premium chrome os laptop ship week 1,299",['google'],neutral,0.0,[]
1i92zpp,Google,"I'm quitting Instagram. You should too | Mark Zuckerberg's horrible changes for Instagram — and Facebook — have become untenable, writes Lennon Torres. ",chrisdh79,1737745060.0,reddit,44608,"i'm quitting instagram. you should too mark zuckerberg's horrible changes for instagram and facebook have become untenable, writes lennon torres.",quit instagram mark zuckerberg horrible change instagram facebook untenable write lennon torre,"[""mark zuckerberg's""]",negative,-0.5423,[]
1rksm5e,Google,Your Pixel can now double up as a full Android PC with nothing more than a USB-C cable ,gdelacalle,1772647391.0,reddit,162,your pixel can now double up as a full android pc with nothing more than a usbc cable,pixel double android pc usbc cable,[],neutral,0.0,[]
1jxaz1e,Google,"Google lays off hundreds of employees in Android, Pixel teams ",MaffeoPolo,1744439237.0,reddit,746,"google lays off hundreds of employees in android, pixel teams",google lay hundred employee android pixel team,['google'],neutral,0.0,[]
1gfohmw,Google,"Thousands of Pennsylvania voters received a text message this weekend that falsely claimed that they had already voted. Ignore them, officials say. ",a_Ninja_b0y,1730300187.0,reddit,31374,"thousands of pennsylvania voters received a text message this weekend that falsely claimed that they had already voted. ignore them, officials say.",thousand pennsylvania voter receive text message weekend falsely claim vote ignore official,['pennsylvania'],negative,-0.3612,[]
unv4co,Google,"After roasting Apple about headphone jacks, Google quietly dumps it from Pixel 6A ",Abhi_mech007,1652338788.0,reddit,791,"after roasting apple about headphone jacks, google quietly dumps it from pixel 6a",roast apple headphone jack google quietly dump pixel 6a,['google'],negative,-0.3818,[]
1d9cj3w,Google,Photoshop’s new terms of service require users to grant Adobe access to their active projects for “content moderation” and other purposes ,Snoo26837,1717658984.0,reddit,20570,photoshops new terms of service require users to grant adobe access to their active projects for content moderation and other purposes,photoshop new term service require user grant adobe access active project content moderation purpose,[],positive,0.6369,[]
ig1,Google,Obsessed with my new GooglePixel purchase! The quality is next level 😍 #unboxing #GooglePixel,lifestyle_by_mia,2024-03-01T10:00:00Z,instagram,3420,obsessed with my new googlepixel purchase! the quality is next level unboxing googlepixel,obsess new googlepixel purchase quality level unbox googlepixel,[],negative,-0.25,[]
ig2,Google,"Honestly, GooglePixel disappointed me this time. The build quality feels cheap for the price. #techreview",gadget_reviewer_99,2024-03-02T14:30:00Z,instagram,890,"honestly, googlepixel disappointed me this time. the build quality feels cheap for the price. techreview",honestly googlepixel disappoint time build quality feel cheap price techreview,[],positive,0.0772,[]
ig3,Google,My GooglePixel aesthetic setup is finally complete ✨ Drop a 🔥 if you love it! #setup #deskgoals,minimal_desk_vibes,2024-03-03T09:15:00Z,instagram,12500,my googlepixel aesthetic setup is finally complete drop a if you love it! setup deskgoals,googlepixel aesthetic setup finally complete drop love setup deskgoal,[],positive,0.4767,[]
ig4,Google,"Not sponsored, just genuinely love GooglePixel. Been using it daily for 3 months and zero complaints! #honest",tech_honest_reviews,2024-03-04T17:00:00Z,instagram,2100,"not sponsored, just genuinely love googlepixel. been using it daily for 3 months and zero complaints! honest",sponsor genuinely love googlepixel daily 3 month zero complaint honest,[],positive,0.743,[]
ig5,Google,The new GooglePixel update is a vibe. Super smooth experience! Who else noticed the performance boost? 🚀,daily_tech_drop,2024-03-05T11:45:00Z,instagram,567,the new googlepixel update is a vibe. super smooth experience! who else noticed the performance boost?,new googlepixel update vibe super smooth experience notice performance boost,[],positive,0.765,[]
fb1,Google,The new Pixel launch has everyone talking! Drop your thoughts below 👇 Have you tried it yet?,Google Official,2024-03-01T08:00:00Z,facebook,5800,the new pixel launch has everyone talking! drop your thoughts below have you tried it yet?,new pixel launch talk drop thought try,[],negative,-0.2732,[]
fb2,Google,"Sharing my honest 30-day review of Pixel. The good: great battery life, solid build. The bad: the software still needs work. Overall 7/10.",TechTalk Community,2024-03-02T12:00:00Z,facebook,1450,"sharing my honest 30day review of pixel. the good great battery life, solid build. the bad the software still needs work. overall 710.",share honest 30day review pixel good great battery life solid build bad software need work overall 710,[],positive,0.8625,[]
fb3,Google,Just switched from a competitor to Pixel and I am BLOWN AWAY by the difference. Never going back. Highly recommend!,Sarah M.,2024-03-03T16:00:00Z,facebook,320,just switched from a competitor to pixel and i am blown away by the difference. never going back. highly recommend!,switch competitor pixel blow away difference go highly recommend,[],positive,0.4201,[]
fb4,Google,Customer support for Pixel is terrible. Been waiting 2 weeks for a response. Very disappointed. Will not be buying again.,James K.,2024-03-04T09:30:00Z,facebook,78,customer support for pixel is terrible. been waiting 2 weeks for a response. very disappointed. will not be buying again.,customer support pixel terrible wait 2 week response disappointed buy,[],negative,-0.5423,[]
fb5,Google,Anyone else excited about the upcoming Pixel announcement? The leaks look promising! 🔥 Tag a friend who needs to know about this.,Tech Enthusiasts Group,2024-03-05T20:00:00Z,facebook,2300,anyone else excited about the upcoming pixel announcement? the leaks look promising! tag a friend who needs to know about this.,excited upcoming pixel announcement leak look promising tag friend need know,[],positive,0.7096,[]
